﻿{"cameraMode":{"drawMode":0,"name":"Shaded","section":"Shading Mode"},"sceneLighting":false,"audioPlay":false,"sceneViewState":{"showFog":true,"showMaterialUpdate":false,"showSkybox":true,"showFlares":true,"showImageEffects":true,"showParticleSystems":true},"in2DMode":false,"pivot":{"x":77.21267700195313,"y":1.3395452499389649,"z":-15.162942886352539},"rotation":{"x":-0.13431233167648316,"y":-0.7756926417350769,"z":0.17631307244300843,"w":-0.5909102559089661},"size":14.113224029541016,"orthographic":false}