﻿{"cameraMode":{"drawMode":0,"name":"Shaded","section":"Shading Mode"},"sceneLighting":true,"audioPlay":false,"sceneViewState":{"showFog":true,"showMaterialUpdate":false,"showSkybox":true,"showFlares":true,"showImageEffects":true,"showParticleSystems":true},"in2DMode":false,"pivot":{"x":12.962486267089844,"y":-6.392313003540039,"z":-10.800678253173829},"rotation":{"x":0.2606174945831299,"y":0.3510870039463043,"z":-0.1024063304066658,"w":0.8934928178787231},"size":34.823272705078128,"orthographic":false}