﻿{"cameraMode":{"drawMode":1,"name":"Wireframe","section":"Shading Mode"},"sceneLighting":false,"audioPlay":false,"sceneViewState":{"showFog":true,"showMaterialUpdate":false,"showSkybox":false,"showFlares":true,"showImageEffects":true,"showParticleSystems":true},"in2DMode":false,"pivot":{"x":-1.2062605619430543,"y":1.441834568977356,"z":-0.07719890773296356},"rotation":{"x":-0.7027944326400757,"y":-0.06787963211536408,"z":0.06767629086971283,"w":-0.7049058079719544},"size":3.1631038188934328,"orthographic":true}