﻿{"cameraMode":{"drawMode":0,"name":"Shaded","section":"Shading Mode"},"sceneLighting":false,"audioPlay":false,"sceneViewState":{"showFog":true,"showMaterialUpdate":false,"showSkybox":false,"showFlares":true,"showImageEffects":true,"showParticleSystems":true},"in2DMode":false,"pivot":{"x":64.42839050292969,"y":0.9696364402770996,"z":-24.87324333190918},"rotation":{"x":0.16364000737667085,"y":-0.014797188341617585,"z":0.002454778179526329,"w":0.9864063262939453},"size":6.038832664489746,"orthographic":false}