﻿{"cameraMode":{"drawMode":0,"name":"Shaded","section":"Shading Mode"},"sceneLighting":true,"audioPlay":false,"sceneViewState":{"showFog":true,"showMaterialUpdate":false,"showSkybox":true,"showFlares":true,"showImageEffects":true,"showParticleSystems":true},"in2DMode":false,"pivot":{"x":62.61959457397461,"y":2.140875816345215,"z":-42.92441940307617},"rotation":{"x":-0.2346310019493103,"y":-0.06061475723981857,"z":0.014660725370049477,"w":-0.9700824618339539},"size":30.56580924987793,"orthographic":false}