﻿{"cameraMode":{"drawMode":0,"name":"Shaded","section":"Shading Mode"},"sceneLighting":false,"audioPlay":false,"sceneViewState":{"showFog":true,"showMaterialUpdate":false,"showSkybox":false,"showFlares":true,"showImageEffects":true,"showParticleSystems":true},"in2DMode":false,"pivot":{"x":-3.8743019104003908e-7,"y":2.0999996662139894,"z":0.28000134229660036},"rotation":{"x":0.2606174945831299,"y":0.3510870039463043,"z":-0.1024063304066658,"w":0.8934928178787231},"size":2.0183334350585939,"orthographic":false}