﻿{"cameraMode":{"drawMode":0,"name":"Shaded","section":"Shading Mode"},"sceneLighting":false,"audioPlay":false,"sceneViewState":{"showFog":true,"showMaterialUpdate":false,"showSkybox":false,"showFlares":true,"showImageEffects":true,"showParticleSystems":true},"in2DMode":false,"pivot":{"x":-1.69679856300354,"y":1.8776311874389649,"z":0.0006129592657089233},"rotation":{"x":-0.15880562365055085,"y":-0.3540433645248413,"z":0.06113855540752411,"w":-0.9196174144744873},"size":2.0183329582214357,"orthographic":false}