﻿{"cameraMode":{"drawMode":0,"name":"Shaded","section":"Shading Mode"},"sceneLighting":false,"audioPlay":false,"sceneViewState":{"showFog":true,"showMaterialUpdate":false,"showSkybox":false,"showFlares":true,"showImageEffects":true,"showParticleSystems":true},"in2DMode":false,"pivot":{"x":-0.1432858407497406,"y":1.6248525381088257,"z":-5.960464477539063e-8},"rotation":{"x":0.2606174945831299,"y":0.3510870039463043,"z":-0.1024063304066658,"w":0.8934928178787231},"size":6.024709224700928,"orthographic":false}