﻿{"cameraMode":{"drawMode":0,"name":"Shaded","section":"Shading Mode"},"sceneLighting":false,"audioPlay":false,"sceneViewState":{"showFog":true,"showMaterialUpdate":false,"showSkybox":false,"showFlares":true,"showImageEffects":true,"showParticleSystems":true},"in2DMode":false,"pivot":{"x":-0.5325945615768433,"y":0.5273828506469727,"z":0.2973449230194092},"rotation":{"x":0.25721225142478945,"y":0.22781836986541749,"z":-0.06253533810377121,"w":0.9370325803756714},"size":4.916374206542969,"orthographic":false}